objectid,title,creator,location,date,subject,image_alt_text,holiday,filename,filesize,filetype,identifier,display_template,rights,format
Crepe001,Crepe Laying with His Blue Toy,"Matzdorff, Sidney","41.744218, -93.636183",2024-26-03,"Matzdorff, Crepe",Crepe laying on the floor at the house holding a toy in his front paws. ,n/a,/Crepe001.jpg,4395,jpg,1,image,"Matzdorff, Sidney",image/jpeg
Crepe002,Loverboy Having a Snooze,"Matzdorff, Sidney","41.744218, -93.636184",5/4/2024,"Matzdorff, Crepe",Crepe on the couch at home. his paw is holding his face up and his eyes are closed. ,n/a,/Crepe002.jpg,2697,jpg,2,image,"Matzdorff, Sidney",image/jpeg
Crepe003,Crepe Laying in the Grass,"Matzdorff, Sidney","41.744218, -93.636185",2024-15-04,"Matzdorff, Crepe",Crepe in the backyard of the house. Chewing on a piece of bark laying down. ,n/a,/Crepe003.jpg,3873,jpg,3,image,"Matzdorff, Sidney",image/jpeg
Honey001,Honey's First Time Sunbathing at Home,"Matzdorff, Sidney","41.744218, -93.636186",2023-18-06,"Matzdorff, Honey",Honey having her first lounge at home on the back deck. ,First Day Lounging Outside After Adoption,/Honey001.jpg,5204,jpg,4,image,"Matzdorff, Sidney",image/jpeg
Honey002,Sweet Girl Having a Snooze on Mom,"Matzdorff, Sidney","41.744218, -93.636187",1/3/2024,"Matzdorff, Honey",Honey sleeping on the bed at home with her eyes closed. ,n/a,/Honey002.jpg,2698,jpg,5,image,"Matzdorff, Sidney",image/jpeg
Honey003,Honey with Her Cute Tongue Out,"Matzdorff, Sidney","41.744218, -93.636188",2024-28-01,"Matzdorff, Honey",Honey laying on the bed at home with her tongue stuck out. ,n/a,/Honey003.jpg,2787,jpg,6,image,"Matzdorff, Sidney",image/jpeg
Crepe_Honey001,Crepe and Honey Sharing a Toy,"Matzdorff, Sidney","41.744218, -93.636189",2024-24-03,"Matzdorff, Crepe and Matzdorff, Honey",Crepe and Honey at home on the bed sharing a toy.,n/a,/Crepe_Honey001.jpg,3348,jpg,7,image,"Matzdorff, Sidney",image/jpeg
Crepe_Honey002,Crepe and Honey Chewing On Their Treats ,"Matzdorff, Sidney","41.744218, -93.636190",2024-26-03,"Matzdorff, Honey and Matzdorff, Crepe",Honey eating a Yak Chew and Crepe chewing on a chew toy at home on the floor. ,n/a,/Crepe_Honey002.jpg,4952,jpg,8,image,"Matzdorff, Sidney",image/jpeg
Crepe_Honey003,Honey and Crepe Looking Like Derps,"Matzdorff, Sidney","41.744218, -93.636191",2024-18-03,"Matzdorff, Honey and Matzdorff, Crepe",Honey and Crepe Staring at me take a picture while sitting on the bed. ,n/a,/Crepe_Honey003.jpg,2503,jpg,9,image,"Matzdorff, Sidney",image/jpeg
Crepe_Honey004,Honey and Crepe's First Sunbath of 2024,"Matzdorff, Sidney","41.744218, -93.636192",2024-13-04,"Matzdorff, Honey and Matzdorff, Crepe",Honey and Crepe lounging on the back deck at home. ,Crepe and Honey's First Sunbath of 2024,/Crepe_Honey004.jpg,4748,jpg,10,image,"Matzdorff, Sidney",image/jpeg
